{"coverage": 0.972183588317107, "avg_width": 1682.6377289479835, "avg_winkler": 1886.1270169499344, "num_predictions": 719}